{"cameraMode":{"drawMode":0,"name":"Shaded","section":"Shading Mode"},"sceneLighting":true,"audioPlay":false,"sceneViewState":{"showFog":true,"showMaterialUpdate":false,"showSkybox":true,"showFlares":true,"showImageEffects":true,"showParticleSystems":true},"in2DMode":false,"pivot":{"x":7.999485969543457,"y":-12.319621086120606,"z":-24.807024002075197},"rotation":{"x":0.035900529474020007,"y":0.9605823159217835,"z":-0.23233377933502198,"w":0.14842237532138825},"size":17.23109245300293,"orthographic":false}