{"cameraMode":{"drawMode":0,"name":"Shaded","section":"Shading Mode"},"sceneLighting":false,"audioPlay":false,"sceneViewState":{"showFog":true,"showMaterialUpdate":false,"showSkybox":false,"showFlares":true,"showImageEffects":true,"showParticleSystems":true},"in2DMode":false,"pivot":{"x":0.2156345248222351,"y":0.22714701294898988,"z":-0.06998182833194733},"rotation":{"x":0.10168933868408203,"y":-0.05186932906508446,"z":0.005505216307938099,"w":0.9935997724533081},"size":1.7545366287231446,"orthographic":false}