{"cameraMode":{"drawMode":0,"name":"Shaded","section":"Shading Mode"},"sceneLighting":false,"audioPlay":false,"sceneViewState":{"showFog":true,"showMaterialUpdate":false,"showSkybox":false,"showFlares":true,"showImageEffects":true,"showParticleSystems":true},"in2DMode":false,"pivot":{"x":0.01570183038711548,"y":13.973888397216797,"z":-10.380107879638672},"rotation":{"x":-0.06259319931268692,"y":-0.9151946902275086,"z":0.1550244688987732,"w":-0.36722537875175478},"size":0.4636838436126709,"orthographic":false}