{"cameraMode":{"drawMode":0,"name":"Shaded","section":"Shading Mode"},"sceneLighting":true,"audioPlay":false,"sceneViewState":{"showFog":true,"showMaterialUpdate":false,"showSkybox":true,"showFlares":true,"showImageEffects":true,"showParticleSystems":true},"in2DMode":false,"pivot":{"x":16.983585357666017,"y":15.729290962219239,"z":6.106999397277832},"rotation":{"x":0.07162191718816757,"y":-0.8419203162193298,"z":0.11625272035598755,"w":0.5224719643592835},"size":20.143104553222658,"orthographic":false}