{"cameraMode":{"drawMode":0,"name":"Shaded","section":"Shading Mode"},"sceneLighting":false,"audioPlay":false,"sceneViewState":{"showFog":true,"showMaterialUpdate":false,"showSkybox":false,"showFlares":true,"showImageEffects":true,"showParticleSystems":true},"in2DMode":false,"pivot":{"x":0.16902337968349458,"y":-0.21614277362823487,"z":0.4050658047199249},"rotation":{"x":0.18253327906131745,"y":0.09675560891628266,"z":-0.017496004700660707,"w":0.9785770773887634},"size":1.1768462657928467,"orthographic":false}