{"cameraMode":{"drawMode":0,"name":"Shaded","section":"Shading Mode"},"sceneLighting":false,"audioPlay":false,"sceneViewState":{"showFog":true,"showMaterialUpdate":false,"showSkybox":false,"showFlares":true,"showImageEffects":true,"showParticleSystems":true},"in2DMode":false,"pivot":{"x":0.09139775484800339,"y":-0.006003009621053934,"z":0.550471842288971},"rotation":{"x":0.1790955811738968,"y":0.2461247742176056,"z":-0.045741770416498187,"w":0.951762855052948},"size":1.1018227338790894,"orthographic":false}