{"cameraMode":{"drawMode":0,"name":"Shaded","section":"Shading Mode"},"sceneLighting":false,"audioPlay":false,"sceneViewState":{"showFog":true,"showMaterialUpdate":false,"showSkybox":false,"showFlares":true,"showImageEffects":true,"showParticleSystems":true},"in2DMode":false,"pivot":{"x":-0.08185359835624695,"y":0.3564562201499939,"z":-0.060233283787965778},"rotation":{"x":0.17605645954608918,"y":-0.02180299162864685,"z":0.004060054197907448,"w":0.984281599521637},"size":0.7920641899108887,"orthographic":false}