{"cameraMode":{"drawMode":0,"name":"Shaded","section":"Shading Mode"},"sceneLighting":false,"audioPlay":false,"sceneViewState":{"showFog":true,"showMaterialUpdate":false,"showSkybox":false,"showFlares":true,"showImageEffects":true,"showParticleSystems":true},"in2DMode":false,"pivot":{"x":-0.2498755156993866,"y":13.939177513122559,"z":-10.708134651184082},"rotation":{"x":-0.0009066376951523125,"y":-0.999704897403717,"z":0.023928571492433549,"w":-0.02013365924358368},"size":1.6636838912963868,"orthographic":false}